objectid,filename,youtubeid,title,creator,date,description,subject,location,latitude,longitude,source,identifier,type,format,language,rights,rightsstatement
rk3udUWNcIw,,rk3udUWNcIw,Ivan Marino Ospina,soycolombianocarajo,2009-06-15,,Ivan; Marino; Ospina,,,,https://www.youtube.com/channel/UCyLN2h0vCaNjjuxEirEgpWg,https://youtube.com/watch?v=rk3udUWNcIw,Image;MovingImage,video/3gpp,,Licencia de YouTube est√°ndar,https://www.youtube.com/static?template=terms
zuhmQkm9M1s,,zuhmQkm9M1s,JAIME BATEMAN CAY√ìN. Comandante del M-19. Entrevista. 1982,Luis Fernando Botero,2013-04-09 00:00:00,"Jaime Bateman Cay√≥n, fue el fundador e inspirador de todo lo que se pueda saber del M-19.  Ac√° es entrevistado por Juan Guillermo R√≠os, el periodista de TV estrella en los a√±os 80s. En 1982, gan√≥ las elecciones presidenciales el conservador Belisario Betancurt, especialmente por el triunfo en la costa caribe. Belisario convoc√≥ a las guerrillas, agrupadas en la ""COORDINADORA GUERRILLERA SIM√ìN BOL√çVAR"", para unas negociaciones de paz. Hubo amnist√≠a, especialmente para los integrantes del M-19 que estaban en las c√°rceles producto del fuerte ""estado de sitio"" del Gobierno de Turbay, y de estas negociaciones sali√≥ como producto final el partido de la Uni√≥n Patri√≥tica.  En la entrevista, Bateman deja entrever que en Colombia la paz es dif√≠cil de conseguir en medio de las negociaciones, adem√°s hace una cr√≠tica a los medios de comunicaci√≥n que ""venden humo"" seg√∫n sea el presidente de turno. algo muy parecido a lo que est√° pasando hoy.. √âste es un tema actual, ya que el Gobierno Santos est√° dialogando con la guerrilla de las FARC en La Habana. comparen los contextos hist√≥ricos, y saquen sus propias conclusiones.",HISTORIA DE COLOMBIA,,,,https://www.youtube.com/channel/UCH3LssmhyfnU_7atMP_LbGA,https://youtube.com/watch?v=zuhmQkm9M1s,Image;MovingImage,video/3gpp,,Licencia de YouTube est√°ndar,https://www.youtube.com/static?template=terms
WFEbcK2E5pw,,WFEbcK2E5pw,El guerrillero Ronald relata sus vivencias en el bombardeo del campamento del comandante Mono Jojoy,Dick Emanuelsson,2012-09-24 00:00:00,"Por Dick y Mirian Emanuelsson

Monta√±as de Colombia / 2012 /",Colombia; FARC-EP; Jorge Brice√±o; Mono Jojoy; acuerdo de paz; lisiados de guerra; Roland; Punto Transitorio de Normalizaci√≥n ‚ÄúAmaury Rodr√≠guez‚Äù en Pondores; La Guajira; los frentes 19-41-59; Hospital Militar; FFMM,,,,https://www.youtube.com/channel/UCD-CrDORRxvPMxLcOMqJCcA,https://youtube.com/watch?v=WFEbcK2E5pw,Image;MovingImage,video/3gpp,,Licencia de YouTube est√°ndar,https://www.youtube.com/static?template=terms
V_flx3osjEk,,V_flx3osjEk,"Roland ‚Äì FARC-EP, el guerrillero que entreg√≥ el fusil y ahora preside los lisiados de la guerra",Dick Emanuelsson,2017-08-11 00:00:00,"Por Dick & Miriam Emanuelsson
Video: 

EL CONEJO-GUAJIRA / 170509 / Punto Transitorio de Normalizaci√≥n ‚ÄúAmaury Rodr√≠guez‚Äù en Pondores, La Guajira / En este punto de concentraci√≥n de guerrilleros de los frentes 19, 41 y 59, m√°s el cord√≥n de seguridad del comandante Iv√°n M√°rquez, conversamos con el ex combatiente Roland. En julio de 2012 lo entrevistamos [https://youtu.be/WFEbcK2E5pw] sin saber que tres meses despu√©s saldr√≠a la noticia que dec√≠a que las Farc comenzaran un di√°logo para llegar a un acuerdo de paz casi cinco a√±os despu√©s.
Roland es uno de 500-1000 guerrilleros que han sido herido en el lago conflicto social y armado en Colombia y que han tenido que ver cuando una parte de su cuerpo ha sido mutilado por las bombas u otras armas. Pero se acab√≥ la guerra para Roland y sus compa√±eros y compa√±eras y esta ansioso de iniciar una nueva vida.
Preside una nueva Fundaci√≥n constituida por lisiados de guerra. Pero dice que no solo quiere limitar la nueva organizaci√≥n a los x combatientes de las Farc sino a sus viejos adversarios como paramilitares o incluso militares, aunque las FFMM tienen un excelente hospital en donde no ha ingresado ning√∫n soldado herido o muerto en combate durante 2017.
Pero ¬øcomo se siente Roland ante esa nueva situaci√≥n, despu√©s 21 a√±os en la monta√±as y selvas?
‚Äì La vida ha cambiado mucho ahora. Cero preocupaciones de persecuciones o bombardeo. Yo creo que igual que nosotros los integrantes del ej√©rcito pues tambi√©n han cambiado porque no debe preocuparse que los vamos a buscar, que va haber enfrentamientos y hostigamientos. Yo creo que la paz ha beneficiado a todo el mundo, tanto guerrilleros como militares e incluso poblaci√≥n civil. Pero, porque no decirlo, sectores econ√≥micos que nunca pudieron llegar a invertir en las √°reas donde estuvimos nosotros por situaciones de la guerra.  Pero ahora me imagino que tienen toda v√≠a libre para hacer esto. Ojala piensen en los recursos naturales y en las repercusiones en algunas cosas que tengan del pa√≠s o el mismo planeta.
‚Äì La idea de √©ste tr√°nsito es llegar a una paz estable y duradera, que no haya persecuciones m√°s delante sino que esto realmente sea sincero y que sea un compromiso, no solamente entre la guerrilla y gobierno sino de todo el pueblo en general que al final es el mayor beneficiado con la terminaci√≥n del conflicto.
‚ÄòEl Hospital Militar es ahora un hospital de paz‚Äô, escrib√≠a Sandra In√©s Henao, esposa del general Javier Fl√≥rez, integrante en la Comisi√≥n T√©cnica en las negociaciones de paz entre las Farc y el gobierno. En una carta publicada en el diario El Tiempo, celebra que no lleguen m√°s heridos por la guerra:
‚ÄúSi me hubieran dicho hace 3 a√±os que en el Hospital Militar iban a dejar de llegar alg√∫n d√≠a heridos en combate, habr√≠a dicho: s√≠ claro, claro. ¬°Claro! Mi hospital militar era el hospital de la guerra, del dolor, de la lucha. ¬°De los milagros! Donde tra√≠an a nuestros soldados en pedazos y reconstru√≠an sus cuerpos con amor, magia, profesionalismo, inventando y aprendiendo c√≥mo salvar cada vida que llegaba extingui√©ndose. Cada semana, cuando sal√≠a de mi visita como dama protectora, le dec√≠a a mi familia: ma√±ana no voy a poder levantarme y necesito urgentemente que por favorcito inventen un Dolex para el alma. Cada mi√©rcoles, mi coraz√≥n se sorprend√≠a porque no pod√≠a creer que el ser humano pudiera regenerar su esp√≠ritu despu√©s de perder tantas partes de su cuerpo. ¬°De su mente! Me maravillaba ver esas madres, esposas, familiares continuar cada d√≠a con tanto amor para sacar adelante, en una batalla magn√°nima, a sus seres amados. Era para m√≠ incre√≠ble ver sonre√≠r esos ni√±os de 19, 20, 24 a√±os, a veces sin cara, sin ojos, sin manos, sin dientes. ¬°Sin piernas! Pero, ¬°con una esperanza! Abrac√© tantos h√©roes mutilados, tantas familias. Abrac√© a los que recib√≠an mis abrazos y luche hasta lograr abrazar a los que no quer√≠an recibirlos. Abrac√© a sus madres, padres, hermanos, hijos. Sin decir ni una palabra‚Äù.
‚ÄúEn 2016 recibimos solo 36 heridos en combate y en 2017, ninguno!
¬°Ninguno!
¬°Ninguno!
¬°Dios m√≠o! Llor√©‚Äù.
Roland calcula que son 500-1000 lisiados ex combatientes con amputaciones en las Farc, de los 8.000 guerrilleros, incluyendo los combatientes encarcelados. Como el guerrillero en Combita, Boyc√° que tiene ambas manos amputadas y que esta ciego.",Colombia; Farc; acuerdo de paz; lisiados de guerra; Roland; Punto Transitorio de Normalizaci√≥n ‚ÄúAmaury Rodr√≠guez‚Äù en Pondores; La Guajira; los frentes 19-41-59; Hospital Militar; FFMM,,,,https://www.youtube.com/channel/UCD-CrDORRxvPMxLcOMqJCcA,https://youtube.com/watch?v=V_flx3osjEk,Image;MovingImage,video/3gpp,,Licencia de YouTube est√°ndar,https://www.youtube.com/static?template=terms
fUVxdHjRt-E,,fUVxdHjRt-E,Primera reuni√≥n entre el Presidente Pastrana y Tirofijo -9 de julio de 1998-,Andr√©s Pastrana Arango,2015-05-11 00:00:00,Primera reuni√≥n entre el presidente electo Andr√©s Pastrana y Tirofijo en las selvas de Colombia.,Manuel Marulanda (Military Person); personajes; reuni√≥n; Tirofijo; presidente electo; paz; pol√≠tica; nacional; Colombia; selva,,,,https://www.youtube.com/channel/UC67774BOxbyM5ypON0ewbuA,https://youtube.com/watch?v=fUVxdHjRt-E,Image;MovingImage,video/3gpp,,Licencia de YouTube est√°ndar,https://www.youtube.com/static?template=terms
ZV0RErhE5Qk,,ZV0RErhE5Qk,ANTES DE LA TORMENTA Parte 1/2,Partido Comunista de Venezuela,2010-11-12 00:00:00,"30 d√≠as despu√©s de la grabaci√≥n de estas im√°genes, el comandante Jorge Brice√±o (Mono JoJoy) y nueve de sus hombres fueron abatidos en un bombardeo del ej√©rcito colombiano. Documental de la ultima entrevista al Comandante de las Farc. Una realizaci√≥n de Jorge Enrique Botero y TV Mula 2010.",farc; colombia; jorge brice√±o; mono jojoy; tania; ep; pccc,,,,https://www.youtube.com/channel/UCcqW3gmpn9xHHYVtdjJVWdg,https://youtube.com/watch?v=ZV0RErhE5Qk,Image;MovingImage,video/3gpp,,Licencia de YouTube est√°ndar,https://www.youtube.com/static?template=terms
DHmS9wXH1Ks,,DHmS9wXH1Ks,ANTES DE LA TORMENTA  Parte 2/2,Partido Comunista de Venezuela,2010-11-12 00:00:00,"(Parte 2/2) 30 d√≠as despu√©s de la grabaci√≥n de estas im√°genes, el comandante Jorge Brice√±o (Mono JoJoy) y nueve de sus hombres fueron abatidos en un bombardeo del ej√©rcito colombiano. Documental de la ultima entrevista al Comandante de las Farc. Una realizaci√≥n de Jorge Enrique Botero y TV Mula 2010.",farc; colombia; jorge brice√±o; mono jojoy; tania; ep; pccc,,,,https://www.youtube.com/channel/UCcqW3gmpn9xHHYVtdjJVWdg,https://youtube.com/watch?v=DHmS9wXH1Ks,Image;MovingImage,video/3gpp,,Licencia de YouTube est√°ndar,https://www.youtube.com/static?template=terms
ADmDf0BHHBw,,ADmDf0BHHBw,"Ra√∫l Benoit / La Matanza de Tacuey√≥,  1985. Archivos sin editar. Departamento del Cauca, Colombia.",Raul Benoit,2022-11-21 00:00:00,"LA VERDAD 

En esa √©poca, a√±o de 1985, hab√≠a un grupo guerrillero llamado ‚ÄúFrente Ricardo Franco‚Äù, que dec√≠an ser disidentes de las FARC (Fuerzas Armadas Revolucionarias de Colombia), lo cual era negado por ellos. A√±os despu√©s, descubri√≥ Ra√∫l Benoit, que los hombres armados eran paramilitares o autodefensas al servicio de empresarios y la sociedad elitista. El jefe del ‚ÄúFrente Ricardo Franco‚Äù, era al√≠as Javier Delgado, a quien lo vio Benoit, a√±os despu√©s de la entrevista, entrar a un cuartel militar en Bogot√°.    

""La Matanza de Tacuey√≥"" fue uno de los m√°s atroces cr√≠menes de la violencia en Colombia. Mataron a m√°s de 264 subversivos. Ocurri√≥ en diciembre de 1985 en el Departamento del Cauca, hechos por estos paramilitares.   

Ra√∫l Benoit revela todo el material, con las entrevistas y el video sin censura, para que usted juzgue.

Los autores fueron alias Javier Delgado (cuyo nombre real era Jos√© Fedor Rey) y Hernando Pizarro Leong√≥mez, los dos asesinados en hechos oscuramente. Pizarro era hermano de Carlos Pizarro Leong√≥mez, el comandante del M 19,  que no ten√≠an conexi√≥n con √©l.

En el libro ‚ÄúProhibido Decir Toda la Verdad‚Äù, Ra√∫l Benoit narra esta historia. Lo puede encontrar en Amazon punto com.",,,,,https://www.youtube.com/channel/UCfcexqkwXZybkKghMRa2THw,https://youtube.com/watch?v=ADmDf0BHHBw,Image;MovingImage,video/3gpp,,Licencia de YouTube est√°ndar,https://www.youtube.com/static?template=terms
Ka-CcLenuRo,,Ka-CcLenuRo,"Ra√∫l Benoit / Cubrimiento period√≠stico, a√±o 1985 / Guerrilla del M-19 al suroeste de Colombia.",Raul Benoit,2022-11-13 00:00:00,"El grupo guerrillero M-19 y el gobierno de turno, segu√≠an intentando hacer la paz, pero, detr√°s hab√≠an organizaciones de la sociedad, incluyendo algunos militares del ej√©rcito, que se opon√≠an para continuar la guerra y la matanza en Colombia, que se prolongaba desde hace d√©cadas.

En los videos, aparecen los guerrilleros Carlos Pizarro Leong√≥mez, uno de los comandantes, lo mismo que Carlos Ch√°vez y Afranio Parra.


1) M-19 en la cordillera central los Robles, enero 20 de 1985.
2) Asalto a Toribio, abril 14 de 1985.
3) Denuncias campamentos urbanos del M 19, abril 20 de 1985.
4) Desmienten rumores sobre la divisi√≥n del M 19, abril 28 de 1985.
5) Rompimiento de la tregua por parte del M 19, junio 22 de 1985.
6) Enfrentamiento del ej√©rcito contra el M-19 a pesar de que intenta hacer la paz, julio 21 de 1985.
7) Violencia afecta la agroindustria del Valle del Cauca, agosto 3 de 1985.
8) Orden p√∫blico. Muerte a Iv√°n Mar√≠n Ospina, uno de los comandantes del M 19, agosto 31 de 1985.",,,,,https://www.youtube.com/channel/UCfcexqkwXZybkKghMRa2THw,https://youtube.com/watch?v=Ka-CcLenuRo,Image;MovingImage,video/3gpp,,Licencia de YouTube est√°ndar,https://www.youtube.com/static?template=terms
2cfNpEnNnoQ,,2cfNpEnNnoQ,Viaje al nido de los Rastrojos | Reportajes Semana,Revista Semana,2012-10-29 00:00:00,"Desde las cimas del ca√±√≥n de Garrapatas, entre Valle y Choc√≥, el exparamilitar Guerrero anuncia la desmovilizaci√≥n de una de las bandas criminales m√°s temibles del pa√≠s: los Rastrojos

¬∫Suscr√≠base gratis a Semana TV en Youtube  https://bit.ly/2Smoy8T  
¬∫Active la campana ""üîî"" para recibir notificaciones
¬∫Suscr√≠base a nuestra revista en https://store.semana.com/
¬∫Visita: https://www.semana.com
¬∫Revista Semana en YouTube: http://bit.ly/2KnAeDP 
¬∫Facebook: https://www.facebook.com/RevistaSemana 
¬∫Twitter: https://twitter.com/RevistaSemana
Encuentre m√°s noticias relacionadas en: https://www.semana.com/noticias/grupos-armados/115813",Los Rastrojos; Grupos armados ilegales; Grupos guerrilerros; Grupos guerrilleros en Colombia; Semana.com; Revista Semana; Reportajes Semana; Investigaciones Semana; Narcoparamilitares; Paramilitares; Grupos armados; Conflicto armado en Colombia,,,,https://www.youtube.com/channel/UC4oQAvXFuNlKivYjUynQKTA,https://youtube.com/watch?v=2cfNpEnNnoQ,Image;MovingImage,video/3gpp,,Licencia de YouTube est√°ndar,https://www.youtube.com/static?template=terms
HOhS9wRC1ok,,HOhS9wRC1ok,Im√°genes de intenso combate en el que fue abatido alias 'El Boyaco' | Vanguardia,VANGUARDIA,2014-02-12 00:00:00,"Diez d√≠as despu√©s del atentado con una motocicleta bomba en Pradera, que caus√≥ la muerte de una persona y dej√≥ otras 61 heridas, las autoridades confirmaron la muerte en combate de alias El Boyaco, presunto responsable de la acci√≥n terrorista.

#Vanguardia #Noticias 

SUSCR√çBASE: https://bit.ly/VanguardiaYT

Vanguardia es el medio de comunicaci√≥n n√∫mero uno del oriente colombiano. Desde el primero de septiembre de 1919, hace m√°s de 100 a√±os, trabaja arduamente para informar a la ciudadan√≠a de manera veraz, √©tica y oportuna. Suscr√≠base para mantenerse actualizado con las noticias tanto de la regi√≥n santandereana como del territorio nacional.

Visite nuestro sitio web: http://www.vanguardia.com

S√≠ganos en nuestras redes sociales:

Instagram: https://bit.ly/VanguardiaIG
Twitter: https://bit.ly/VanguardiaTW
Facebook: https://bit.ly/VanguardiaFB
Podcast: https://bit.ly/VanguardiaPodcast
ePaper: https://bit.ly/VanguardiaePaper

Im√°genes de intenso combate en el que fue abatido alias 'El Boyaco' | Vanguardia
https://www.youtube.com/channel/UCvjnYdNPiKL5nCUK69PGnHA",Bucaramanga; Colombia; Nacional; Noticias; Noticias de Colombia; Noticias de Santander; Noticias de Vanguardia; Noticias de hoy en Colombia; Noticias de √∫ltima hora; Santander; Vanguardia; Video; colombia news; entretenimiento; news; noticias; noticias de entretenimiento; noticias del mundo; noticias hoy; noticias internacionales; noticias judiciales; noticias vanguardia; periodismo; redes sociales; s√©ptimo d√≠a; tendencias; ultimas noticias; viral; √Årea metropolitana de Bucaramanga,,,,https://www.youtube.com/channel/UCvjnYdNPiKL5nCUK69PGnHA,https://youtube.com/watch?v=HOhS9wRC1ok,Image;MovingImage,video/3gpp,,Licencia de YouTube est√°ndar,https://www.youtube.com/static?template=terms
ba5mnVvxRNQ,,ba5mnVvxRNQ,COLOMBIA: COCA PLANTS & COCAINE,AP Archive,2015-07-21 00:00:00,"(30 Aug 2000) Spanish/Nat
U-S President Bill Clinton arrives in Colombia later today as he introduces Plan Colombia - the 1.3 (b) billion U-S aid package aimed at fighting narcotraffickers.
Under the plan, 60 combat helicopters will escort fumigation planes and ferry U-S trained anti-narcotics troops into drug producing plantations which cover vast areas of southern Colombia. 
But for thousands of farmers the plan is threatening the very thing they depend on to survive - coca, the plant that forms the base of cocaine.
The sun rises over the Caguan River, 280 miles (470 kilometres) from the Colombian capital, Bogota. 
Nestled alongside the river is the settlement of Penas Coloradas, a grimy settlement where coca is the economy's driving force and the Revolutionary Armed Forces of Colombia (FARC) - the country's oldest and largest Marxist guerrilla group.
Farmers here grow coca.
This is FARC territory. The entire process, from the growing of coca to the creation and selling of the final product - cocaine - is monitored by rebels.
Their control here is strict. Liquor sales are forbidden between Monday and Friday. Theft and drunken behavious are punished.
It's in their interest to do so. The drugs help finance their 15-thousand strong force, fuelling a civil war which is fast approaching its fourth decade.
Now, the introduction of Plan Colombia is threatening the way of life of these farmers. They are far from grateful for the U-S backed intervention.
SOUNDBITE: (Spanish)
""With this Plan Colombia, if there is so much money to be distributed, why don't they give any of it to the poor? Why don't they give the poor money if there is so much money to give?"" 
SUPER CAPTION: Laura, Coca farmer
FARC leaders claim the coming offensive will provide the FARC with an ample recruiting base among farmhands who could lose their livelihoods as a result.
SOUNDBITE: (Spanish)
""This is our life. This is our work. Here we all work together, look, behind us, this is how we all survive.""
SUPER CAPTION: Fanny, Coca farmer
FARC rebels protect the crops of coca and poppy, from which heroin is made. 
They have vowed to fight the Plan.
As two Vietnam-era planes lazily circle these fields ready to dump a load or herbicides onto the plantation, the rebels open fire with their Galil assault rifles.
The crackle of automatic weapons fire splits the afternoon silence.
Plan Colombia will see a dramatic increase in anti-narcotics flights such as these, with more helicopters and planes being provided to the country.
But rather than back away in fear of the promised increase, FARC rebels have vowed to increase kidnappings - a longtime source of income for the group - in order to raise funds to equal the Plan.
Meanwhile, the growing and selling of coca continues.
In this simple shack by the side of the river farmers bring their cultivation of coca to be weighed, tested, and bought.
This coca paste - a semi processed form of cocaine - will be sold on to international markets - generating millions of dollars.
Coca farmers insist they have no choice.
SOUNDBITE: (Spanish)
""I have a family. What I earn goes to my mother, my wife. (Q) So it's from necessity. (A) Of course, it's from necessity, if I didn't have to I wouldn't do it.""
SUPER CAPTION: Coca farmer
For the farmers in Penas Coloradas as in much of the rest of impoverished, rural Colombia, there are few viable alternatives to making a living than growing coca. 
They are skeptical of government pledges that the anti-drug offensive will be accompanied by loans and other assistance to help them grow legal crops.

Find out more about AP Archive: http://www.aparchive.com/HowWeWork 
Twitter: https://twitter.com/AP_Archive 
Facebook: https://www.facebook.com/APArchives ‚Äã‚Äã
Instagram: https://www.instagram.com/APNews/


You can license this story through AP Archive: http://www.aparchive.com/metadata/youtube/7e9b416c5a1c716c1c3bc9ae3ac5050c",AP Archive; 192985; ; COLOMBIA: COCA PLANTS & COCAINE; Bill Clinton; Colombia; Latin America and Caribbean; General news; Business,,,,https://www.youtube.com/channel/UCHTK-2W11Vh1V4uwofOfR4w,https://youtube.com/watch?v=ba5mnVvxRNQ,Image;MovingImage,video/3gpp,,Licencia de YouTube est√°ndar,https://www.youtube.com/static?template=terms
nJsfNkp7_ts,,nJsfNkp7_ts,Guerrilleros sobrevivientes se quedaron sin v√≠veres,ArchivoNoticiasUno,2011-12-26 00:00:00,,Guerrilleros; sobrevivientes; se; quedaron; sin; viveres,,,,https://www.youtube.com/channel/UCZSN59CS72JU20KYuIfeywA,https://youtube.com/watch?v=nJsfNkp7_ts,Image;MovingImage,video/3gpp,,Licencia de YouTube est√°ndar,https://www.youtube.com/static?template=terms
ep1rj_mEKQ8,,ep1rj_mEKQ8,Historia de un bombardeo,Agencia Prensa Rural,2014-01-27 00:00:00,"El s√°bado 18 de enero sobre las 11 de la noche Aviones de la Fuerza A√©rea Bombardean un Campamento de las FARC-EP en la vereda La Siberia II Municipio de Tame en Arauca, a menos de 200 metros de una casa campesina.

Luego del bombardeo los helic√≥pteros persiguieron por los potreros a los guerrilleros en desbandada, disparando municiones calibre .50 y matando varias reses y caballos de la finca.

El martes 21 de Enero Prensa Rural ingres√≥ al lugar y recogi√≥ los testimonios de los campesinos, quienes, hasta ese momento, no pod√≠an recorrer su finca para buscar sus animales.

Una vez llegamos hasta el punto del bombardeo, unidades del Ej√©rcito Nacional nos impidieron el paso...

El teniente a cargo nos prohibi√≥ grabar y nos exigi√≥ borrar el material registrado...

Denunciamos la violaci√≥n a la libre movilidad de los campesinos en su territorio,  bombardeos y ametrallamientos muy cerca de las casas as√≠ como la limitaci√≥n a la libertad de prensa por unidades del ejercito nacional.

Reclamamos el respeto de los DDHH  y del DIH por parte de las fuerzas institucionales.",,,,,https://www.youtube.com/channel/UCxWRfkVz2GAEPJSliyDov2w,https://youtube.com/watch?v=ep1rj_mEKQ8,Image;MovingImage,video/3gpp,,Licencia de YouTube est√°ndar,https://www.youtube.com/static?template=terms
2yH83FK_dqQ,,2yH83FK_dqQ,Combates bacot 27 ej√©rcito nacional,andres felipe nanguma,2016-03-02 00:00:00,,undefined,,,,https://www.youtube.com/channel/UCLLHyGywtr7Yx5AF0F4pHCA,https://youtube.com/watch?v=2yH83FK_dqQ,Image;MovingImage,video/3gpp,,Licencia de YouTube est√°ndar,https://www.youtube.com/static?template=terms
ZV7zZWYJ108,,ZV7zZWYJ108,Grabaron la avanzada de El Paisa hacia San Vicente del Cagu√°n,NoticiasUnoColombia,2011-06-27 00:00:00,,Grabaron; la; avanzada; de; El; Paisa; hacia; San; Vicente; del; Cagu√°n,,,,https://www.youtube.com/channel/UC3NUgxBBl05tthfGBS6kPkA,https://youtube.com/watch?v=ZV7zZWYJ108,Image;MovingImage,video/3gpp,,Licencia de YouTube est√°ndar,https://www.youtube.com/static?template=terms
4pYmK-PW2WM,,4pYmK-PW2WM,"Fuerza A√©rea evita incursi√≥n de las FARC en Su√°rez, Cauca",NoticiasUnoColombia,2011-10-02 00:00:00,"Fuerza A√©rea evita incursi√≥n de las FARC en Su√°rez, Cauca",Cauca,,,,https://www.youtube.com/channel/UC3NUgxBBl05tthfGBS6kPkA,https://youtube.com/watch?v=4pYmK-PW2WM,Image;MovingImage,video/3gpp,,Licencia de YouTube est√°ndar,https://www.youtube.com/static?template=terms
1ZWhVfAU8CA,,1ZWhVfAU8CA,HOSTIGAMIENTOA LA BASE DE  MIRAFLORES GUAVIARE 2014,cristian camilo,2015-11-19 00:00:00,"Hostigamiento al batallon de selva No.51 general jose maria ortega en miraflores guaviare 2014.., SIN CENSURA...",combate en guaviare...basmo 51,,,,https://www.youtube.com/channel/UCvUqtqFFH1E7yJnbE7aPCYw,https://youtube.com/watch?v=1ZWhVfAU8CA,Image;MovingImage,video/3gpp,,Licencia de YouTube est√°ndar,https://www.youtube.com/static?template=terms
2mXKlaD_1tE,,2mXKlaD_1tE,EMBOSCADA PLAN METEORO ARAUCA,samuelmorenoful,2011-02-01 00:00:00,,EMBOSCADA; PLAN; METEORO; ARAUCA,,,,https://www.youtube.com/channel/UCi1hMUJTpkIZOciL6U39l4Q,https://youtube.com/watch?v=2mXKlaD_1tE,Image;MovingImage,video/3gpp,,Licencia de YouTube est√°ndar,https://www.youtube.com/static?template=terms
B5FmbLrP4C4,,B5FmbLrP4C4,As√≠ apoy√≥ la FAC a los uniformados del cerro de Santa Ana,El Espectador,2012-01-24 00:00:00,As√≠ apoy√≥ la FAC a los uniformados del cerro de Santa Ana,As√≠; apoy√≥; la; FAC; los; uniformados; del; cerro; de; Santa; Ana,,,,https://www.youtube.com/channel/UCFYdMS-M4mRdbxPuErz1CVw,https://youtube.com/watch?v=B5FmbLrP4C4,Image;MovingImage,video/3gpp,,Licencia de YouTube est√°ndar,https://www.youtube.com/static?template=terms
xJ88naAaWqA,,xJ88naAaWqA,Angustiosa comunicaci√≥n de Polic√≠as atacados por las Farc,El Espectador,2012-01-23 00:00:00,Angustiosa comunicaci√≥n de Polic√≠as atacados por las Farc,Angustiosa; comunicaci√≥n; de; Polic√≠as; atacados; por; las; Farc,,,,https://www.youtube.com/channel/UCFYdMS-M4mRdbxPuErz1CVw,https://youtube.com/watch?v=xJ88naAaWqA,Image;MovingImage,video/3gpp,,Licencia de YouTube est√°ndar,https://www.youtube.com/static?template=terms
YVXmZCn933U,,YVXmZCn933U,Ataque guerrillero,El Espectador,2010-11-22 00:00:00,,Ataque; guerrillero,,,,https://www.youtube.com/channel/UCFYdMS-M4mRdbxPuErz1CVw,https://youtube.com/watch?v=YVXmZCn933U,Image;MovingImage,video/3gpp,,Licencia de YouTube est√°ndar,https://www.youtube.com/static?template=terms
M7M4LNcdQcQ,,M7M4LNcdQcQ,COLOMBIA: SIMITI: ATTACK ON POLICE STATION LEAVES 3 OFFICERS DEAD,AP Archive,2015-07-21 00:00:00,"(2 Jul 1997) Spanish/Nat

Three police officers have been killed in an attack on a police station in the isolated town of Simiti, 200 miles (322 kilometres) north of Colombia's capital, Bogota.

A police force of 20 officers fought off a rocket and mortar attack led by 300 armed guerrillas during an eleven-hour siege.

The guerrillas, believed to be members of the National Liberation Army (E-L-N), also attacked local residents and abducted two women, including a police officer's wife.

All but three of Simiti's 20-strong police force emerged alive from the wreckage of their bombed-out station on Tuesday morning.

The death toll in this rural outpost in the mountains north of Bogota, seemed low given the details of a siege which have since emerged.

More than 300 armed guerrillas of the Colombian rebel organisation, the National Liberation Army (E-L-N) attacked the station shortly after nightfall on Monday.

The police fought for their lives, with virtually no military assistance, as their station came under rocket and mortar fire.

A further 12 officers were injured.

The guerrillas also abducted two women, an officer's wife and the station's cook, before going on to attack a nearby bank and several public buildings.

SOUNDBITE: (Spanish)
""The truth is that, thanks to my men, we were prepared psychologically in every aspect of combat and ammunition. We went to war and we demonstrated what we were capable of because we were in the national police. We can fight, we are few, but we are tough.""
SUPER CAPTION: Cesar Moreno, Simiti station commander

There were fears the siege would continue until all 20 police officers were dead and the town had been razed to the ground.

Military sources countered complaints that urgent calls for military assistance went unheeded, and said help was sent as soon as reports of the attack came in.

But counter-guerrilla forces only arrived in Simiti towards midday, Tuesday, to find scenes of devastation left in the guerrillas' wake.

Eye witnesses say the E-L-N troops had poured in on foot and in trucks.

The town's electricity supplies and telephone wires were cut off prior to the launch of the attack, shortly after nightfall.

SOUNDBITE: (Spanish)
""This is what happened. Bombs, bombs, exploding. I couldn't do anything. When a grenade arrived it went off in the kitchen, the table burst into little pieces. I went with my brothers to look for the children. I was with the young one that I had and I stayed by him.""
SUPER CAPTION: Ester Munoz, witness to the attack

In the siege which followed, the survivors estimated more than five- thousand shots were fired, along with dynamite.

The purpose of the attack is not yet clear but it is just the latest clash in Colombia's on-going guerrilla war.

Find out more about AP Archive: http://www.aparchive.com/HowWeWork 
Twitter: https://twitter.com/AP_Archive 
Facebook: https://www.facebook.com/APArchives ‚Äã‚Äã
Instagram: https://www.instagram.com/APNews/


You can license this story through AP Archive: http://www.aparchive.com/metadata/youtube/03af71b9c1902e8b79290a12d67170fb",AP Archive; ; ; COLOMBIA: SIMITI: ATTACK ON POLICE STATION LEAVES 3 OFFICERS DEAD; Bogota; Colombia; Latin America and Caribbean; General news; Government and politics,,,,https://www.youtube.com/channel/UCHTK-2W11Vh1V4uwofOfR4w,https://youtube.com/watch?v=M7M4LNcdQcQ,Image;MovingImage,video/3gpp,,Licencia de YouTube est√°ndar,https://www.youtube.com/static?template=terms
8TZ1SmKNxQc,,8TZ1SmKNxQc,COLOMBIA: MILITARY SACKS NEARLY 400 OFFICERS,AP Archive,2015-07-21 00:00:00,"(17 Oct 2000) Spanish/Nat 

The Colombian military has sacked nearly 400 officers and soldiers in the biggest ever purge of the armed forces. 

It has denied this was in response to U-S pressure to improve their human rights records. 

The U-S government's 1.3 (b) billion U-S dollar contribution to Pastrana's Plan Colombia comes on the condition that progress be made on human rights violations. 

Military powers to dismiss soldiers for misconduct were granted by President Andres Pastrana in September. 

Many human rights groups say U-S money should not be going to the Colombian military because the army is alleged to maintain close ties with outlawed paramilitary death squads. 

Armed forces chief, General Fernando Tapias, said the dismissals were simply an effort to improve the efficiency of the 150 thousand-member forces. 

SOUNDBITE: (Spanish)
""This is simply a discretional measure that seeks to strengthen the armed forces, seeks to strengthen their cohesion, to have absolute integrity and transparency throughout the armed forces and to give them a sense of professionalism.""
SUPER CAPTION: General Fernando Tapias,  Armed Forces chief

The Colombian Defence Minister, Luis Fernando Ramirez has been evasive about why the 89 officers and the 299 rank-and-file members of the army, navy and air force had been dismissed but in a press conference he was adamant that the decision was not influenced by external factors.

SOUNDBITE: (Spanish)
""This has absolutely nothing to do with recommendations or suggestions from any foreign government. This is an absolutely autonomous decision. Absolutely nobody knows the officers and soldiers listed at the moment, only the armed forces and the government know. Other Colombian organisations will know later but it doesn't respond to any suggestion or solicitation from any foreign government or any other organisation. It is an eminently autonomous decision. As General Tapias said, what we want to achieve by this decision, which is historic and which has never been taken before in the armed forces, is that from here emerges a much more solid, professional and modern armed forces.""
SUPER CAPTION: Luis Fernando Ramirez, Colombian Defence Minister

Pastrana's U-S backed Plan Colombia is unpopular with Colombians and international groups alike.

Plan Colombia is an initiative aimed at wiping out drug trafficking from Colombia and strengthening its democracy. 

Activists and local Colombian officials object to the program, saying it focuses too much on the military aspect and will intensify the civil war.

They criticise the government for agreeing to U-S suggestions in order to receive their financial help at the expense of the true needs of local people.

Find out more about AP Archive: http://www.aparchive.com/HowWeWork 
Twitter: https://twitter.com/AP_Archive 
Facebook: https://www.facebook.com/APArchives ‚Äã‚Äã
Instagram: https://www.instagram.com/APNews/


You can license this story through AP Archive: http://www.aparchive.com/metadata/youtube/27c4b3ff52d3279e167a3c769783a235",AP Archive; 198134; ; COLOMBIA: MILITARY SACKS NEARLY 400 OFFICERS; Andres Pastrana Arango; Colombia; Latin America and Caribbean; Government and politics; Social affairs,,,,https://www.youtube.com/channel/UCHTK-2W11Vh1V4uwofOfR4w,https://youtube.com/watch?v=8TZ1SmKNxQc,Image;MovingImage,video/3gpp,,Licencia de YouTube est√°ndar,https://www.youtube.com/static?template=terms
NwqYSUFmU1Q,,NwqYSUFmU1Q,COLUMBIA: REBELS CLAIM CONTROL OF CHOACHI VILLAGE,AP Archive,2015-07-21 00:00:00,"(28 May 1995) Spanish/Nat

Colombian rebels on Saturday claimed control of a town just 45 kilometers from the capital Bogota.

These are rebels from the Colombian Revolutionary Armed Forces, or FARC, who had just taken the village of Choachi, only 45 kilometers from the capital, Bogota.

The action is part of a rebel offensive aimed at pressing the government into starting negotiations with the guerrilla movement.

Even though Choachi is very close to Bogota, the rebels had plenty of time to celebrate their victory having a few beers and holding a press conference with reporters from the capital.

A rebel leader offered his conditions to begin the dialogue with the government.

SOUNDBITE: What the government should do is stop their offensive against us. That is the only way we will start talking with them.""
SUPER CAPTION: FARC Rebel Leader

The attack is part of several skirmishes by the rebels around the capital, a show of force that is convincing many Colombians that the rebel movements are a force to reckon with.

Thousands of people have died in Colombia in the last three decades since leftist guerrilla groups started their armed struggle against the government.

Find out more about AP Archive: http://www.aparchive.com/HowWeWork 
Twitter: https://twitter.com/AP_Archive 
Facebook: https://www.facebook.com/APArchives ‚Äã‚Äã
Instagram: https://www.instagram.com/APNews/


You can license this story through AP Archive: http://www.aparchive.com/metadata/youtube/f8255dfb9f038f34fef4688a6925be11",AP Archive; 8135; ; COLUMBIA: REBELS CLAIM CONTROL OF CHOACHI VILLAGE; Bogota; Colombia; Latin America and Caribbean; General news,,,,https://www.youtube.com/channel/UCHTK-2W11Vh1V4uwofOfR4w,https://youtube.com/watch?v=NwqYSUFmU1Q,Image;MovingImage,video/3gpp,,Licencia de YouTube est√°ndar,https://www.youtube.com/static?template=terms
fU5O6JKpLqs,,fU5O6JKpLqs,COLOMBIA:  FIERCE CLASHES AFTERMATH,AP Archive,2015-07-21 00:00:00,"(13 Jul 1999) Spanish/Nat 

Fierce clashes between the Colombian army and the FARC guerrillas largely subsided on Monday, with both sides claiming victory.

Since fighting began on Thursday, at least 59 police and soldiers have been killed and the army says it killed more than 200 guerrillas.

Earlier on Monday, in a show of war propaganda, reporters were flown to one of the worst hit areas, where the Commander of the Colombian Army proudly displayed the corpses of some 30 FARC guerrillas.

Trying to convince a skeptical media, troops brought journalists to an army base where they displayed the bodies of 30 guerrillas.

They were allegedly killed in Puerto Lleras, a town 114 miles (190 kilometers) from Colombia's capital Bogota. 

Young women made up about a third of the dead on display at the army base in Granada, twenty minutes by helicopter from Puerto Lleras.

Many still had red, yellow and blue banners across the chests - national colours Revolutionary Armed Forces of Colombia (FARC) fighters often wear into battle.

Military leaders are saying they saved the country from one of the guerrillas' most ambitious offensives since taking up arms in the 1960s.

SOUNDBITE: (Spanish)
""The Colombian Army will never allow these bandits to take power by force. It's impossible for the FARC. They must realise they will never get it"".
SUPERCAPTION: General Jorge Mora, commander of the Colombian army

Many observers have their doubts. 

They feel the FARC is making steady progress - even if it lost some fighters, didn't permanently seize territory or inflict heavy government casualties in its latest offensive.

The rebels launched their offensive less than two weeks before a planned round of negotiations with the government of President Andres Pastrana to end Colombia's 35-year conflict.

The FARC is demanding sweeping reforms to attack poverty, redistribute land and clean up political corruption.

Fighting raged over the weekend in 10 of the country's 32 provinces, killing at least 59 police and soldiers as well as two children whose house was destroyed by a rebel bomb.

The army claims it killed a fifth of an estimated one-thousand rebel fighters participating in the attacks.

Puerto Lleras, a small river port in the jungles of eastern Meta province, was the scene of some of the worst clashes over the weekend.

FARC fighters stormed into the town on Saturday night and pounded the local police station with rockets and homemade missiles.

The entire village of Puerto Lleras has been looted or destroyed.

Most of the villagers, as this old woman, are left with nothing else than their despair.

SOUNDBITE: (Spanish)
""I don't really know know what to say. I don't understand why they did it. They left us in complete ruin"".
SUPERCAPTION: Villager

In the town itself, army explosives experts worked to defuse homemade missiles left by the guerrillas, who flattened a police station and homes with the crude, but deadly weapons fashioned from gas canisters.

Despite the latest claims by the Colombian army, the 15-thousand member FARC has enjoyed a nearly unbroken string of victories during the past three years.

In a much larger offensive last August, the rebels killed 143 soldiers and police, took more than hundred captive and overran a major anti-narcotics base.

Find out more about AP Archive: http://www.aparchive.com/HowWeWork 
Twitter: https://twitter.com/AP_Archive 
Facebook: https://www.facebook.com/APArchives ‚Äã‚Äã
Instagram: https://www.instagram.com/APNews/


You can license this story through AP Archive: http://www.aparchive.com/metadata/youtube/a3ebb04320cbbd97c8f4b57eac861e43",AP Archive; 140497; ; COLOMBIA: FIERCE CLASHES AFTERMATH; Andres Pastrana Arango; Colombia; Latin America and Caribbean; General news; Government and politics,,,,https://www.youtube.com/channel/UCHTK-2W11Vh1V4uwofOfR4w,https://youtube.com/watch?v=fU5O6JKpLqs,Image;MovingImage,video/3gpp,,Licencia de YouTube est√°ndar,https://www.youtube.com/static?template=terms
8UpfHREkSEE,,8UpfHREkSEE,COLOMBIA: BOGOTA: CAR BOMB EXPLODES IN BUSY STREET,AP Archive,2015-07-21 00:00:00,"(11 Nov 1999) Spanish/Nat 

A powerful car bomb has exploded in a busy street in an upmarket part of the Colombian capital, Bogota, killing six people and injuring at least twelve others. 

The bomb, apparently placed in a green Renault car, destroyed a house and a restaurant and blew out the windows of banks, hotels and seven-storey apartment buildings 50 metres across the street.

No armed group has claimed responsibility for the bombing so far, although there is growing speculation that drug-traffickers are behind the attack. 

For the second time this week, a car bomb has exploded in the Colombian capital, Bogota.

The powerful bomb ripped through a residential area in the north of the city, killing six people and injuring at least 12 others. 

The bomb, apparently containing ten kilogrammes of dynamite, left a one-metre-deep crater in the street.  

There was also extensive damage to nearby houses and cars.

One of the wounded described what happened.

SOUNDBITE: (Spanish)
""There was an explosion. I don't know what happened and when I opened the door the whole thing blew up. We don't know anything more than that. It looks like the bomb was just over there. I have been injured but I can't leave my house because they will loot it."" 
SUPER CAPTION: Francisco, Car bomb victim

The mayor of Bogota said the bomb could be a response to a government move against drug traffickers. 

Colombia has again decided to start extraditing alleged drug traffickers to the United States.

The Supreme Court ruled this week that the extradition of two alleged drug-traffickers, a Colombian and a Venezuelan, could take place.

It's now up to the government of President Andres Pastrana to give the go-ahead. 

The Colombian authorities have offered a 50-thousand U-S dollar reward to anybody offering information that could lead to the arrest of the perpetrators.

Find out more about AP Archive: http://www.aparchive.com/HowWeWork 
Twitter: https://twitter.com/AP_Archive 
Facebook: https://www.facebook.com/APArchives ‚Äã‚Äã
Instagram: https://www.instagram.com/APNews/


You can license this story through AP Archive: http://www.aparchive.com/metadata/youtube/11427219328183f252e2b700641d2136",AP Archive; 163987; ; COLOMBIA: BOGOTA: CAR BOMB EXPLODES IN BUSY STREET; Andres Pastrana Arango; Bogota; Colombia; Latin America and Caribbean; General news,,,,https://www.youtube.com/channel/UCHTK-2W11Vh1V4uwofOfR4w,https://youtube.com/watch?v=8UpfHREkSEE,Image;MovingImage,video/3gpp,,Licencia de YouTube est√°ndar,https://www.youtube.com/static?template=terms
Gc7V3ZgEF7A,,Gc7V3ZgEF7A,COLOMBIA: PACHO: COMMUNE,AP Archive,2015-07-21 00:00:00,"(2 Nov 2000) Spanish/Nat 
XFA
Almost four months ago, a young Irish boy who grew up in a commune in Colombia was  killed by Colombia's largest rebel group, the Armed Revolutionary Forces of Colombia,  or FARC. 

His grandmother, Jenny James, was a pacifist who founded the commune on which he  lived 11 years ago. 

Now, James says that she is seeking justice for her grandson and she wants to see  that his death is avenged. 

This farm seems like a piece of paradise. 

Tucked away in the countryside about 50 kilometres away from Colombia's capital  Bogota, the people here live at one with nature. 

The girls go and plant and harvest vegetables every day. 

They eat mainly what they grow. 

The commune has dwindled to about a dozen people - but the group has been in  Colombia for about 11 years, living in different areas of the country. 

Jenny James left her native England, went to Ireland, and founded the commune in  Colombia after wandering through Latin America. 

As a devoted ecologist and anti-nuclear activist she wanted to be as far away from the  city as possible. 

But the commune began to have difficulties several months ago when members were  thrown off the land they were living by a local FARC commander. 

They then moved to the place where they are now. 

James' grandson, 18-year-old Tristan, and another Colombian friend returned to the  village on July 9 to see his half-brother who had been left behind with a local family. 

That was when the problems began. 

SOUNDBITE: (English) 
"" The leaders of the gang got themselves very drunk, and as soon as they saw our boys  returning from their visit to my grandson, they came at them, they chased them, into  the middle of a football match, everyone ran away screaming, didn't help our boys, as  far as we know our boys were captured and they had their hands tied behind their  backs, and they were taken to a room and we don't know what happened in that room,  and then they were taken out further down the road, and as far as we know our  grandson was crying, and they slit his throat."" 
SUPERCAPTION: Jenny James, grandmother of murdered boy 

Tristan's friend was also decapitated and both their bodies were doused with gasoline  and burned. 

Tristan was an actor in local troupes which put on performances about ecological  themes. 

Like most of the children here, he had never had any formal education. 

He was just about to return to Ireland to 'discover his roots' when the tragedy happened.  
James squarely blames the FARC for his death. 

SOUNDBITE: (English) 
"" We are doing what we can but at the moment the latest block that we've met is that  the local commander who was the one who chucked us out, who is as far as we are  concerned a very non-political and very violent and very stupid man, and who more or  less caused these deaths and even ordered them, he has now become the head of the  25 Front of the FARC. Which organises the area where all this occured, and to go there  at the moment would be to invite total tragedy for all of us. 
SUPERCAPTION:Jenny James, grandmother of murdered boy 

James's political leaning's would have previously lead her to support a peasant based  rebel movement like the FARC. 

She initially had wanted to take the commune to Bolivia because that was were Che  Guevara had died. 

But now she says that she considers the FARC murderers and wants to use her  grandson's death to publicise what is happening here. 


James's daughter and another member of the commune wrote this song to  commemorate the two young men's deaths. 


Find out more about AP Archive: http://www.aparchive.com/HowWeWork 
Twitter: https://twitter.com/AP_Archive 
Facebook: https://www.facebook.com/APArchives ‚Äã‚Äã
Instagram: https://www.instagram.com/APNews/


You can license this story through AP Archive: http://www.aparchive.com/metadata/youtube/cb70f5cf8f69311344b82973ad936253",AP Archive; 199626; ; COLOMBIA: PACHO: COMMUNE; Che Guevara; Colombia; Latin America and Caribbean,,,,https://www.youtube.com/channel/UCHTK-2W11Vh1V4uwofOfR4w,https://youtube.com/watch?v=Gc7V3ZgEF7A,Image;MovingImage,video/3gpp,,Licencia de YouTube est√°ndar,https://www.youtube.com/static?template=terms
6_2LfZ67pjQ,,6_2LfZ67pjQ,COLOMBIA: FARC REBELS CLASH WITH GOVERNMENT TROOPS,AP Archive,2015-07-21 00:00:00,"(21 Jun 1998) Spanish/Nat

Marxist rebels fought pitched battles with government troops on Saturday on a highway east of the capital, with reports that they set fire to more than 20 vehicles.

The fighting lasted all day and spilled into Sunday as the troubled, volatile country went to the polls in the Presidential elections.

Motorists caught in the crossfire were forced to abandon their cars and run for cover.

The latest fighting broke out about 70 kilometers (44 miles) east of the Colombian capital, Bogota, on the main highway near Villavicencio.

FARC (Revolutionary Armed Forces of Colombia) guerillas opened fire.

Government soldiers answered with a hail of bullets triggering a fierce gun battle.

The fighting lasted all day, Saturday, with reports that one soldier was wounded.

Sporadic clashes flared up through much of Sunday, despite government efforts to ensure a peaceful day at the polls by deploying 200-thousand troops.

The FARC is reportedly trying to discourage voters from going to the polls.

The armed group had called for a transportation strike, and then on Saturday blocked off this road.

Motorists along the busy highway were caught unawares - trapped in the middle of a raging gun battle.

SOUNDBITE: (Spanish)
""What can I do?  I have no choice.  I just have to try to keep on driving through.""
SUPER CAPTION: Vox Pop, Truck Driver

Caught in the crossfire, there was nothing these people could do except dive for cover - their vehicles were their only shields from stray bullets.

The FARC has been waging a war of attrition against the Colombian state for more than three decades.

During the tenure of outgoing president Ernesto Samper violence from both leftist guerrillas and extreme-right paramilitaries worsened.

Find out more about AP Archive: http://www.aparchive.com/HowWeWork 
Twitter: https://twitter.com/AP_Archive 
Facebook: https://www.facebook.com/APArchives ‚Äã‚Äã
Instagram: https://www.instagram.com/APNews/


You can license this story through AP Archive: http://www.aparchive.com/metadata/youtube/6811bcd01f39daf1578c6385f9f089f7",AP Archive; ; ; COLOMBIA: FARC REBELS CLASH WITH GOVERNMENT TROOPS; Colombia; Latin America and Caribbean; Government and politics; General news,,,,https://www.youtube.com/channel/UCHTK-2W11Vh1V4uwofOfR4w,https://youtube.com/watch?v=6_2LfZ67pjQ,Image;MovingImage,video/3gpp,,Licencia de YouTube est√°ndar,https://www.youtube.com/static?template=terms
M5phYrmLwg8,,M5phYrmLwg8,COLOMBIA: BARRANCABERMEJA: PROTESTS CONTINUE AFTER MASSACRE,AP Archive,2015-07-21 00:00:00,"(7 Jun 1998) Spanish/Nat

Protests continued in Barrancabermeja, Colombia, on Saturday following news of a  mass slaughter in which 25 men and women died. 

The victims had been executed by a paramilitary group for alleged rebel activity though  human rights activists say army and police units were also involved.

A rebel spokesman has vowed to avenge their deaths. 

The 25 coffins by a roadside in this oil refining city north of Bogota are dedicated to the  latest victims of Colombian violence.

A sad reminder that Barrancabermeja, home to 240-thousand, is trapped in the bloody  crossfire.

The dead disappeared last month and were later executed by a right-wing paramilitary  group - the so-called United Self-Defence Group of Colombia (A-U-C).

Human rights activists say that army and police units abetted the kidnapping. 

Witnesses claim security forces were at the scene of the assault
moments before 50 masked gunmen entered a poor neighborhood, killed seven people  and carted away 25 others in trucks.

But local army and police chiefs have denied involvement in the crime. 

Investigations are underway but the families of the dead remain in shock.

SOUNDBITE: (Spanish) 
""My sons were never those kinds of people. We are humble, hardworking people. We  are not bad people like these types. My son was never any kind of rebel. That was  never the case, you couldn't say that."" 
Q: ""The paramilitaries say they killed them because they were involved with the  guerrillas.""
A: ""No sir. That is a false lie."" 
SUPER CAPTION: Alfonso, father of one of the dead 

Maria, wife of one of the dead, still hopes for news that her husband is alive. 

But the paramilitary group responsible for his capture confirmed on Thursday that all 25  had been first tried and later executed.

SOUNDBITE: (Spanish) 
""A young man who only dedicated himself to his work, his home. He didn't have any  problems with anybody. They took him and until now, nobody knows anything. So we  want to ask if they are still holding them alive that they return them to us, that they (the  prisoners) take heart because their captors also have families and they know what it is  like to lose somebody close to you. And if they are dead, that they hand them (the  bodies) over. What can we do? They have to hand them over, alive or dead, please hand  them over.""
SUPER CAPTION: Maria, wife of one of the dead

The dead were accused of working closely with the E-L-N (National Liberation Army)  and E-P-L (Popular Liberation Army).

A spokesman for the E-L-N denied this was the case. 

But he also vowed the paramilitaries and any associated groups would pay for this  mistake. 

SOUNDBITE: (Spanish) 
""We make it very clear that all these commanders are military targets. The fundamental  idea is to exercise a revolutionary justice over them and we will apply it with all the  rigour that our abilities allow - those guilty of this massacre. And we have to say to  them that they got it wrong. We must tell Ernesto Samper's government, the defence  minister, and the chief of armed forces that they all got it wrong, that they have not  assassinated any rebel member of the E-L-N or the E-P-L. They were civilians. They will  have to pay for their deaths. And most certainly they will be made to pay.""
SUPER CAPTION: Rafael, E-L-N Commander 

His declaration prolongs the likelihood of continued war within and around  Barrancabermeja.

This, despite a three week civil protest for peace which culminated in strike action. 

SOUNDBITE: (Spanish) 
SUPER CAPTION: Rafael, E-L-N Commander 




Find out more about AP Archive: http://www.aparchive.com/HowWeWork 
Twitter: https://twitter.com/AP_Archive 
Facebook: https://www.facebook.com/APArchives ‚Äã‚Äã
Instagram: https://www.instagram.com/APNews/


You can license this story through AP Archive: http://www.aparchive.com/metadata/youtube/4ef57564c5b690b42f0ae8339dcfcfb8",AP Archive; ; ; COLOMBIA: BARRANCABERMEJA: PROTESTS CONTINUE AFTER MASSACRE; Colombia; Latin America and Caribbean; General news; Government and politics,,,,https://www.youtube.com/channel/UCHTK-2W11Vh1V4uwofOfR4w,https://youtube.com/watch?v=M5phYrmLwg8,Image;MovingImage,video/3gpp,,Licencia de YouTube est√°ndar,https://www.youtube.com/static?template=terms
Dsj2TiiX2hI,,Dsj2TiiX2hI,COLOMBIA: PRESIDENT SAMPER ORDERS OFFENSIVE AGAINST REBELS,AP Archive,2015-07-21 00:00:00,"(1 Jun 1995) STORY
Spanish/Nat
Colombian president Ernesto Samper has ordered a full-scale offensive against rebel forces locked in combat with his government.
Over the past four days rebels have launched a violent campaign in which more than 40 people have been killed.
The heating up of the three-decade long conflict is making peace negotiations look increasingly shaky.
APTV was with a corps of elite soldiers when they dealt a major blow against the guerrillas by seizing a camp belonging to the powerful Revolutionary Armed Forces of Colombia.
These four suspected guerrillas were captured by the army when they raided a large guerrilla camp hidden in the mountainous and thickly forested department of Boyaca, north of the capital Bogota.
Four suspected guerrillas and one soldiers were killed in a fierce firefight when the army attacked this camp belonging to the Revolutionary Armed Forces of Colombia, or FARC.
According to the Colombian military, it is the second largest rebel camp taken by the army.
Seventeen tons of supplies were seized from the camp, among them quantities of propaganda material.
SOUNDBITE: (Spanish)
""This is an important blow on behalf of the country. What we're doing is maintaining the stability of the country and that's important. This a very important part of the country. It's an oil producing area. It's the heart of the country's economy. So this a blow the army has dealt for the country.""
SUPER CAPTION: Major Reyes
The Cuban-inspired FARC is the oldest and largest of Colombia's guerrilla groups. For three decades it has been locked in combat with successive governments.
It and the Maoist National Liberation Army are engaged in preliminary peace talks with the government.
In an upsurge of guerrilla violence, police and army patrols have been ambushed and, increasingly, the rebels have launched attacks from the large slums surrounding the capital.
Yesterday (Wednesday) three policemen were killed and two others injured in a guerrilla attack in the middle class Bogota suburb of Kennedy.
The army is now concentrating its resources on the mountainous area to the north and east of the capital where FARC forces have recently launched several ambushes on the security forces.

Find out more about AP Archive: http://www.aparchive.com/HowWeWork 
Twitter: https://twitter.com/AP_Archive 
Facebook: https://www.facebook.com/APArchives ‚Äã‚Äã
Instagram: https://www.instagram.com/APNews/


You can license this story through AP Archive: http://www.aparchive.com/metadata/youtube/5b40d7a30e1b281d5385dfdea70bd1f6",AP Archive; 8351; ; COLOMBIA: PRESIDENT SAMPER ORDERS OFFENSIVE AGAINST REBELS; Colombia; Latin America and Caribbean; Bogota; General news; Government and politics,,,,https://www.youtube.com/channel/UCHTK-2W11Vh1V4uwofOfR4w,https://youtube.com/watch?v=Dsj2TiiX2hI,Image;MovingImage,video/3gpp,,Licencia de YouTube est√°ndar,https://www.youtube.com/static?template=terms
PE1UR4dpgII,,PE1UR4dpgII,San Juan de Sumapaz,REMA ACPP,2014-05-11 00:00:00,"el 30 de marzo de 2014 a 9 a√±os de la muerte de sus hijos, una madre reclama al ejercito nacional por la muerte de sus hijos en un ""falso positivo"".",sumapaz; san juan de sumapaz; falso positivo; derechos humanos en colombia,,,,https://www.youtube.com/channel/UCJTwhE1CVA8Lbo1xj5485Ug,https://youtube.com/watch?v=PE1UR4dpgII,Image;MovingImage,video/3gpp,,Licencia de YouTube est√°ndar,https://www.youtube.com/static?template=terms
wRnEQ0awVaQ,,wRnEQ0awVaQ,Colombian army patrols after FARC attack,AFP News Agency,2015-04-16 00:00:00,"Keep up-to-date with the latest news, subscribe here: http://bit.ly/AFP-subscribe

Colombian soldiers recover the bodies of some of the ten soldiers allegedly killed by FARC guerrillas. Duration: 00:41

Follow AFP English on Facebook:
https://www.facebook.com/AFPnewsenglish

Latest news on AFP English Twitter:
https://twitter.com/AFP

Share your top stories on Google+
http://bit.ly/AFP-Gplus","Slug- WEB-COLOMBIA-CONFLICT-REBELS-ARMY; NewsProduct-
 PRWINT; SubjectMatter-; Subject-
 UNR; colombian; patrols; attack; farc; army; news; latest news; news today; breaking news; todays news; french news; france news; world news; digital news; AFP news; AFP; AFP english; report; bulletin",,,,https://www.youtube.com/channel/UC86dbj-lbDks_hZ5gRKL49Q,https://youtube.com/watch?v=wRnEQ0awVaQ,Image;MovingImage,video/3gpp,,Licencia de YouTube est√°ndar,https://www.youtube.com/static?template=terms
Y6KvGdlY514,,Y6KvGdlY514,Colombia: final days for the FARC,FRANCE 24 English,2016-09-23 00:00:00,"Subscribe to France 24 now :
http://f24.my/youtubeEN

FRANCE 24 live news stream: all the latest news 24/7
http://f24.my/YTliveEN

Colombia: final days for the FARC

Visit our website :
http://www.france24.com

Subscribe to our YouTube channel :
http://f24.my/youtubeEN

Like us on Facebook :
https://www.facebook.com/FRANCE24.English

Follow us on Twitter :
https://twitter.com/France24_en",France24; Colombia; Colombian; FARC; South America; American; Fighters; Fight; Weapon; Guns; Peace; Bogota; AR-15; combat; Combattant; assailant; Latin America; Latin American,,,,https://www.youtube.com/channel/UCQfwfsi5VrQ8yKZ-UWmAEFg,https://youtube.com/watch?v=Y6KvGdlY514,Image;MovingImage,video/3gpp,,Licencia de YouTube est√°ndar,https://www.youtube.com/static?template=terms
jvA0prlCqss,,jvA0prlCqss,Fusiles de madera (2002).,Archivo Revolucionario,2021-01-19 00:00:00,"El siguiente documental fue realizado por Carlos Cardenas y Carlos Duarte como parte del material investigatorio para obtener el titulo de antrop√≥logos.


Este documental aborda desde una investigaci√≥n de tipo etnogr√°fica un campamento del ELN (Ejercito de liberaci√≥n nacional) en especial en lo denominado escuela de combatientes, donde en la organizaci√≥n guerrillera se conjuga el ejercicio te√≥rico tanto el pr√°ctico para dotar a los nuevos combatientes de nociones b√°sicas politico-militares para su nueva vida al interior del movimiento guerrillero.


Para la profundizaci√≥n en el tema del ej√©rcito de liberaci√≥n nacional recomendamos el siguiente material bibliogr√°fico.


-ELN 47 a√±os de historia.
http://www.cedema.org/uploads/ELN_47.pdf


-Las guerras de la paz.
https://drive.google.com/file/d/1U-0hPnslvJXjPV5ZXlEKMVHEE74lPhpp/view?fbclid=IwAR0iJ8o6GEDf6bK2TmfIqXn9tJL-N_endE49fnNUm4uBl20QS6DdnBAyX2I


-Camilistas vigencia de una tradiccion revolucionaria de nuetsra amercia.
http://www.cedema.org/uploads/camilistas.pdf


#ELN #Colombia #Revoluci√≥n",,,,,https://www.youtube.com/channel/UCT6SRW1CKZlxrweRyu92WDA,https://youtube.com/watch?v=jvA0prlCqss,Image;MovingImage,video/3gpp,,Licencia de YouTube est√°ndar,https://www.youtube.com/static?template=terms
